{
    "PrevCompiledModules": {
        "GF_matrix_ascending_binary": {
            "ULW4S_d": {
                "bytes": 37054,
                "checksum": 0,
                "mod": "GF_matrix_ascending_binary",
                "mode": 4,
                "out": "ULW4S_d.o",
                "archive": "archive.117/_prev_archive_1.a"
            }
        },
        "RS_dec_tb": {
            "NxxnY_d": {
                "bytes": 353338,
                "checksum": 0,
                "mod": "RS_dec_tb",
                "archive": "archive.117/_70844_archive_1.a",
                "out": "NxxnY_d.o",
                "mode": 4
            }
        },
        "...MASTER...": {
            "amcQw_d": {
                "bytes": 7664,
                "checksum": 0,
                "mod": "...MASTER...",
                "mode": 4,
                "out": "objs/amcQw_d.o"
            }
        },
        "GF_mult_add_syndromes": {
            "i9eq0_d": {
                "bytes": 35370,
                "checksum": 0,
                "mod": "GF_mult_add_syndromes",
                "mode": 4,
                "out": "i9eq0_d.o",
                "archive": "archive.117/_prev_archive_1.a"
            }
        },
        "error_correction": {
            "qbPW7_d": {
                "bytes": 80938,
                "checksum": 0,
                "mod": "error_correction",
                "mode": 4,
                "out": "qbPW7_d.o",
                "archive": "archive.117/_prev_archive_1.a"
            }
        },
        "GF_matrix_dec": {
            "rV9FF_d": {
                "bytes": 36968,
                "checksum": 0,
                "mod": "GF_matrix_dec",
                "mode": 4,
                "out": "rV9FF_d.o",
                "archive": "archive.117/_prev_archive_1.a"
            }
        },
        "std": {
            "reYIK_d": {
                "bytes": 35020,
                "checksum": 0,
                "mod": "std",
                "mode": 4,
                "out": "reYIK_d.o",
                "archive": "archive.117/_prev_archive_1.a"
            }
        },
        "out_stage": {
            "v3Yxk_d": {
                "bytes": 16030,
                "checksum": 0,
                "mod": "out_stage",
                "mode": 4,
                "out": "v3Yxk_d.o",
                "archive": "archive.117/_prev_archive_1.a"
            }
        }
    },
    "cycles_program_begin": 62698633491151,
    "LVLData": [
        "SIM"
    ],
    "PEModules": [],
    "CompileProcesses": [
        "cgproc.70844.json"
    ],
    "NameTable": {
        "std": [
            "std",
            "reYIK",
            "module",
            1
        ],
        "RS_dec_tb": [
            "RS_dec_tb",
            "NxxnY",
            "module",
            2
        ],
        "GF_matrix_dec": [
            "GF_matrix_dec",
            "rV9FF",
            "module",
            3
        ],
        "GF_matrix_ascending_binary": [
            "GF_matrix_ascending_binary",
            "ULW4S",
            "module",
            4
        ],
        "out_stage": [
            "out_stage",
            "v3Yxk",
            "module",
            5
        ],
        "error_correction": [
            "error_correction",
            "qbPW7",
            "module",
            6
        ],
        "...MASTER...": [
            "SIM",
            "amcQw",
            "module",
            8
        ],
        "GF_mult_add_syndromes": [
            "GF_mult_add_syndromes",
            "i9eq0",
            "module",
            7
        ]
    },
    "perf": [
        {
            "stat": [
                "main",
                "entry",
                0.010582923889160156,
                0.024131,
                0.0084349999999999998,
                217212,
                217212,
                0.0,
                0.0,
                1697701474.5310299,
                62698633728659
            ],
            "sub": [
                {
                    "stat": [
                        "doParsingAndDesignResolution",
                        "entry",
                        0.12497186660766602,
                        0.033348000000000003,
                        0.009528,
                        261876,
                        262676,
                        0.0,
                        0.0,
                        1697701474.6454189,
                        62699067718709
                    ],
                    "sub": []
                },
                {
                    "stat": [
                        "doParsingAndDesignResolution",
                        "exit",
                        0.14018607139587402,
                        0.048566999999999999,
                        0.009528,
                        263540,
                        264188,
                        0.0,
                        0.0,
                        1697701474.6606331,
                        62699125476085
                    ],
                    "sub": []
                },
                {
                    "stat": [
                        "doPostDesignResolutionToVir2Vcs",
                        "entry",
                        0.14022588729858398,
                        0.048606999999999997,
                        0.009528,
                        263540,
                        264188,
                        0.0,
                        0.0,
                        1697701474.6606729,
                        62699125563093
                    ],
                    "sub": [
                        {
                            "stat": [
                                "doUptoVir2VcsNoSepCleanup",
                                "entry",
                                0.15470004081726074,
                                0.059803000000000002,
                                0.012815,
                                268780,
                                268780,
                                0.0,
                                0.0,
                                1697701474.6751471,
                                62699180519471
                            ],
                            "sub": []
                        },
                        {
                            "stat": [
                                "doUptoVir2VcsNoSepCleanup",
                                "exit",
                                0.219451904296875,
                                0.124593,
                                0.012815,
                                279736,
                                279736,
                                0.0,
                                0.0,
                                1697701474.7398989,
                                62699426232801
                            ],
                            "sub": []
                        },
                        {
                            "stat": [
                                "doRadify_vir2vcsAll",
                                "entry",
                                0.2194969654083252,
                                0.124638,
                                0.012815,
                                279736,
                                279736,
                                0.0,
                                0.0,
                                1697701474.739944,
                                62699426330681
                            ],
                            "sub": []
                        },
                        {
                            "stat": [
                                "doRadify_vir2vcsAll",
                                "exit",
                                0.2259979248046875,
                                0.13114300000000001,
                                0.012815,
                                279736,
                                279736,
                                0.0,
                                0.0,
                                1697701474.7464449,
                                62699451095939
                            ],
                            "sub": []
                        }
                    ]
                },
                {
                    "stat": [
                        "doPostDesignResolutionToVir2Vcs",
                        "exit",
                        0.22603797912597656,
                        0.131184,
                        0.012815,
                        279736,
                        279736,
                        0.0,
                        0.0,
                        1697701474.746485,
                        62699451153937
                    ],
                    "sub": []
                },
                {
                    "stat": [
                        "doGAToPass2",
                        "entry",
                        0.22605204582214355,
                        0.13119800000000001,
                        0.012815,
                        279736,
                        279736,
                        0.0,
                        0.0,
                        1697701474.7464991,
                        62699451242995
                    ],
                    "sub": [
                        {
                            "stat": [
                                "DoPass2",
                                "entry",
                                0.24985194206237793,
                                0.13384599999999999,
                                0.012815,
                                278180,
                                279736,
                                0.011583,
                                0.010511,
                                1697701474.770299,
                                62699542253115
                            ],
                            "sub": []
                        },
                        {
                            "stat": [
                                "DoPass2",
                                "exit",
                                0.4130408763885498,
                                0.29067599999999999,
                                0.01643,
                                281736,
                                281736,
                                0.011583,
                                0.013336000000000001,
                                1697701474.9334879,
                                62700160752359
                            ],
                            "sub": []
                        }
                    ]
                },
                {
                    "stat": [
                        "doGAToPass2",
                        "exit",
                        0.41457390785217285,
                        0.29221000000000003,
                        0.01643,
                        281736,
                        281736,
                        0.011583,
                        0.013336000000000001,
                        1697701474.9350209,
                        62700166595113
                    ],
                    "sub": []
                }
            ]
        },
        {
            "stat": [
                "main",
                "exit",
                0.41497087478637695,
                0.29260799999999998,
                0.01643,
                281736,
                281736,
                0.011583,
                0.013336000000000001,
                1697701474.9354179,
                62700168033003
            ],
            "sub": []
        }
    ],
    "cpu_cycles_pass2_start": 62699542277545,
    "MlibObjs": {},
    "CompileStrategy": "fullobj",
    "stat": {
        "ru_self_cgstart": {
            "ru_utime_sec": 0.13408600000000001,
            "ru_minflt": 9944,
            "ru_stime_sec": 0.012815,
            "ru_maxrss_kb": 111016,
            "ru_majflt": 0,
            "ru_nvcsw": 22,
            "ru_nivcsw": 2
        },
        "mop/quad": 3.4261583937963072,
        "Frontend(%)": 47.880893528622899,
        "quadSpeed": 164281.70506360251,
        "ru_childs_cgstart": {
            "ru_utime_sec": 0.011583,
            "ru_minflt": 3377,
            "ru_stime_sec": 0.010511,
            "ru_maxrss_kb": 25452,
            "ru_majflt": 0,
            "ru_nvcsw": 17,
            "ru_nivcsw": 0
        },
        "cpu_cycles_cgstart": 62699542401131,
        "cpu_cycles_end": 62700168141533,
        "mopSpeed": 562855.14275083097,
        "nQuads": 26049,
        "nMops": 89248,
        "totalObjSize": 427444,
        "ru_self_end": {
            "ru_utime_sec": 0.29264899999999999,
            "ru_minflt": 14693,
            "ru_stime_sec": 0.01643,
            "ru_maxrss_kb": 126960,
            "ru_majflt": 0,
            "ru_nvcsw": 23,
            "ru_nivcsw": 3
        },
        "ru_childs_end": {
            "ru_utime_sec": 0.011583,
            "ru_minflt": 3598,
            "ru_stime_sec": 0.013336000000000001,
            "ru_maxrss_kb": 25952,
            "ru_majflt": 0,
            "ru_nvcsw": 18,
            "ru_nivcsw": 0
        },
        "cpu_cycles_total": 1534650382,
        "realTime": 0.41503095626831055,
        "outputSizePerQuad": 16.409228761180852,
        "CodeGen(%)": 52.119106471377101,
        "peak_mem_kb": 281736
    },
    "CurCompileUdps": {},
    "SIMBData": {
        "archive": "archive.117/_70844_archive_1.a",
        "out": "amcQwB.o",
        "bytes": 74106,
        "text": 0
    },
    "incremental": "on",
    "CurCompileModules": [
        "...MASTER...",
        "std",
        "RS_dec_tb",
        "RS_dec_tb",
        "GF_matrix_dec",
        "GF_matrix_ascending_binary",
        "out_stage",
        "error_correction",
        "GF_mult_add_syndromes"
    ],
    "Misc": {
        "vcs_build_date": "Build Date = Feb 28 2019 22:34:30",
        "csrc": "csrc",
        "vcs_version": "O-2018.09-SP2_Full64",
        "master_pid": 70844,
        "VCS_HOME": "/home/user/synopsys/vcs/O-2018.09-SP2",
        "hostname": "",
        "cwd": "/home/user/Desktop/Paper/PDLI2023/Strider/benchmarks/cirfix_benchmarks/opencores/reed_solomon_decoder",
        "csrc_abs": "/home/user/Desktop/Paper/PDLI2023/Strider/benchmarks/cirfix_benchmarks/opencores/reed_solomon_decoder/csrc",
        "daidir_abs": "/home/user/Desktop/Paper/PDLI2023/Strider/benchmarks/cirfix_benchmarks/opencores/reed_solomon_decoder/simv.daidir",
        "daidir": "/home/user/Desktop/Paper/PDLI2023/Strider/benchmarks/cirfix_benchmarks/opencores/reed_solomon_decoder/simv.daidir",
        "default_output_dir": "csrc",
        "archive_dir": "archive.117"
    },
    "rlimit": {
        "data": -1,
        "stack": -1
    },
    "CompileStatus": "Successful"
}