{
    "MlibObjs": {},
    "LVLData": [
        "SIM"
    ],
    "stat": {
        "Frontend(%)": 53.754952441720711,
        "nMops": 55711,
        "ru_self_cgstart": {
            "ru_utime_sec": 0.12969700000000001,
            "ru_stime_sec": 0.024317999999999999,
            "ru_maxrss_kb": 111060,
            "ru_minflt": 9959,
            "ru_majflt": 0,
            "ru_nivcsw": 6,
            "ru_nvcsw": 23
        },
        "ru_childs_end": {
            "ru_utime_sec": 0.017961999999999999,
            "ru_stime_sec": 0.0061060000000000003,
            "ru_maxrss_kb": 26028,
            "ru_minflt": 3598,
            "ru_majflt": 0,
            "ru_nivcsw": 0,
            "ru_nvcsw": 18
        },
        "ru_childs_cgstart": {
            "ru_utime_sec": 0.015207,
            "ru_stime_sec": 0.0061060000000000003,
            "ru_maxrss_kb": 25528,
            "ru_minflt": 3377,
            "ru_majflt": 0,
            "ru_nivcsw": 0,
            "ru_nvcsw": 17
        },
        "realTime": 0.4046940803527832,
        "cpu_cycles_cgstart": 62754600037034,
        "totalObjSize": 452622,
        "nQuads": 16455,
        "ru_self_end": {
            "ru_utime_sec": 0.25160199999999999,
            "ru_stime_sec": 0.047924000000000001,
            "ru_maxrss_kb": 125360,
            "ru_minflt": 14150,
            "ru_majflt": 0,
            "ru_nivcsw": 6,
            "ru_nvcsw": 24
        },
        "cpu_cycles_end": 62755162046877,
        "cpu_cycles_total": 1494365604,
        "mopSpeed": 446903.5777314296,
        "quadSpeed": 131999.03738167821,
        "mop/quad": 3.3856578547553937,
        "outputSizePerQuad": 27.506654512306291,
        "CodeGen(%)": 46.245047558279282,
        "peak_mem_kb": 281244
    },
    "cpu_cycles_pass2_start": 62754599904214,
    "cycles_program_begin": 62753667681273,
    "perf": [
        {
            "stat": [
                "main",
                "entry",
                0.010848045349121094,
                0.019317999999999998,
                0.015454000000000001,
                217212,
                217212,
                0.0,
                0.0,
                1697701489.035856,
                62753667944063
            ],
            "sub": [
                {
                    "stat": [
                        "doParsingAndDesignResolution",
                        "entry",
                        0.13214206695556641,
                        0.029314,
                        0.020937999999999998,
                        261876,
                        262676,
                        0.0,
                        0.0,
                        1697701489.15715,
                        62754128144416
                    ],
                    "sub": []
                },
                {
                    "stat": [
                        "doParsingAndDesignResolution",
                        "exit",
                        0.14763402938842773,
                        0.044241000000000003,
                        0.021021999999999999,
                        263548,
                        264196,
                        0.0,
                        0.0,
                        1697701489.172642,
                        62754186906162
                    ],
                    "sub": []
                },
                {
                    "stat": [
                        "doPostDesignResolutionToVir2Vcs",
                        "entry",
                        0.14767694473266602,
                        0.044283999999999997,
                        0.021021999999999999,
                        263548,
                        264196,
                        0.0,
                        0.0,
                        1697701489.1726849,
                        62754187228613
                    ],
                    "sub": [
                        {
                            "stat": [
                                "doUptoVir2VcsNoSepCleanup",
                                "entry",
                                0.16225695610046387,
                                0.057574,
                                0.022318999999999999,
                                268784,
                                268784,
                                0.0,
                                0.0,
                                1697701489.1872649,
                                62754242352867
                            ],
                            "sub": []
                        },
                        {
                            "stat": [
                                "doUptoVir2VcsNoSepCleanup",
                                "exit",
                                0.22671103477478027,
                                0.12030399999999999,
                                0.024060000000000002,
                                279768,
                                279768,
                                0.0,
                                0.0,
                                1697701489.251719,
                                62754486924503
                            ],
                            "sub": []
                        },
                        {
                            "stat": [
                                "doRadify_vir2vcsAll",
                                "entry",
                                0.22675395011901855,
                                0.120341,
                                0.024067999999999999,
                                279768,
                                279768,
                                0.0,
                                0.0,
                                1697701489.2517619,
                                62754487023457
                            ],
                            "sub": []
                        },
                        {
                            "stat": [
                                "doRadify_vir2vcsAll",
                                "exit",
                                0.23367595672607422,
                                0.12726499999999999,
                                0.024067999999999999,
                                279768,
                                279768,
                                0.0,
                                0.0,
                                1697701489.2586839,
                                62754513374653
                            ],
                            "sub": []
                        }
                    ]
                },
                {
                    "stat": [
                        "doPostDesignResolutionToVir2Vcs",
                        "exit",
                        0.23371601104736328,
                        0.127306,
                        0.024067999999999999,
                        279768,
                        279768,
                        0.0,
                        0.0,
                        1697701489.258724,
                        62754513432995
                    ],
                    "sub": []
                },
                {
                    "stat": [
                        "doGAToPass2",
                        "entry",
                        0.23372912406921387,
                        0.12731899999999999,
                        0.024067999999999999,
                        279768,
                        279768,
                        0.0,
                        0.0,
                        1697701489.2587371,
                        62754513479093
                    ],
                    "sub": [
                        {
                            "stat": [
                                "DoPass2",
                                "entry",
                                0.25647902488708496,
                                0.12964600000000001,
                                0.024308,
                                278212,
                                279768,
                                0.015207,
                                0.0061060000000000003,
                                1697701489.281487,
                                62754599876496
                            ],
                            "sub": []
                        },
                        {
                            "stat": [
                                "DoPass2",
                                "exit",
                                0.40279912948608398,
                                0.249746,
                                0.047900999999999999,
                                281244,
                                281244,
                                0.017961999999999999,
                                0.0061060000000000003,
                                1697701489.4278071,
                                62755155065535
                            ],
                            "sub": []
                        }
                    ]
                },
                {
                    "stat": [
                        "doGAToPass2",
                        "exit",
                        0.40424299240112305,
                        0.251191,
                        0.047900999999999999,
                        281244,
                        281244,
                        0.017961999999999999,
                        0.0061060000000000003,
                        1697701489.429251,
                        62755160469083
                    ],
                    "sub": []
                }
            ]
        },
        {
            "stat": [
                "main",
                "exit",
                0.40463805198669434,
                0.25157000000000002,
                0.047918000000000002,
                281244,
                281244,
                0.017961999999999999,
                0.0061060000000000003,
                1697701489.429646,
                62755161948635
            ],
            "sub": []
        }
    ],
    "CompileProcesses": [
        "cgproc.71573.json"
    ],
    "CompileStrategy": "fullobj",
    "NameTable": {
        "...MASTER...": [
            "SIM",
            "amcQw",
            "module",
            8
        ],
        "std": [
            "std",
            "reYIK",
            "module",
            1
        ],
        "GF_matrix_ascending_binary": [
            "GF_matrix_ascending_binary",
            "ULW4S",
            "module",
            4
        ],
        "RS_dec_tb": [
            "RS_dec_tb",
            "NxxnY",
            "module",
            2
        ],
        "GF_matrix_dec": [
            "GF_matrix_dec",
            "rV9FF",
            "module",
            3
        ],
        "out_stage": [
            "out_stage",
            "v3Yxk",
            "module",
            5
        ],
        "error_correction": [
            "error_correction",
            "qbPW7",
            "module",
            6
        ],
        "GF_mult_add_syndromes": [
            "GF_mult_add_syndromes",
            "i9eq0",
            "module",
            7
        ]
    },
    "PrevCompiledModules": {
        "...MASTER...": {
            "amcQw_d": {
                "mod": "...MASTER...",
                "bytes": 7664,
                "mode": 4,
                "checksum": 0,
                "out": "objs/amcQw_d.o"
            }
        },
        "std": {
            "reYIK_d": {
                "mod": "std",
                "bytes": 35020,
                "mode": 4,
                "checksum": 0,
                "archive": "archive.118/_prev_archive_1.a",
                "out": "reYIK_d.o"
            }
        },
        "GF_matrix_ascending_binary": {
            "ULW4S_d": {
                "mod": "GF_matrix_ascending_binary",
                "bytes": 37054,
                "mode": 4,
                "checksum": 0,
                "archive": "archive.118/_prev_archive_1.a",
                "out": "ULW4S_d.o"
            }
        },
        "RS_dec_tb": {
            "NxxnY_d": {
                "mod": "RS_dec_tb",
                "bytes": 353338,
                "out": "NxxnY_d.o",
                "mode": 4,
                "checksum": 0,
                "archive": "archive.118/_71573_archive_1.a"
            }
        },
        "error_correction": {
            "qbPW7_d": {
                "mod": "error_correction",
                "bytes": 80938,
                "mode": 4,
                "checksum": 0,
                "archive": "archive.118/_prev_archive_1.a",
                "out": "qbPW7_d.o"
            }
        },
        "GF_mult_add_syndromes": {
            "i9eq0_d": {
                "mod": "GF_mult_add_syndromes",
                "bytes": 35370,
                "mode": 4,
                "checksum": 0,
                "archive": "archive.118/_prev_archive_1.a",
                "out": "i9eq0_d.o"
            }
        },
        "GF_matrix_dec": {
            "rV9FF_d": {
                "mod": "GF_matrix_dec",
                "bytes": 36968,
                "mode": 4,
                "checksum": 0,
                "archive": "archive.118/_prev_archive_1.a",
                "out": "rV9FF_d.o"
            }
        },
        "out_stage": {
            "v3Yxk_d": {
                "mod": "out_stage",
                "bytes": 16030,
                "mode": 4,
                "checksum": 0,
                "archive": "archive.118/_71573_archive_1.a",
                "out": "v3Yxk_d.o"
            }
        }
    },
    "CurCompileUdps": {},
    "SIMBData": {
        "out": "amcQwB.o",
        "bytes": 74234,
        "text": 0,
        "archive": "archive.118/_71573_archive_1.a"
    },
    "incremental": "on",
    "CurCompileModules": [
        "...MASTER...",
        "std",
        "RS_dec_tb",
        "RS_dec_tb",
        "GF_matrix_dec",
        "GF_matrix_ascending_binary",
        "out_stage",
        "out_stage",
        "error_correction",
        "GF_mult_add_syndromes"
    ],
    "PEModules": [],
    "Misc": {
        "csrc_abs": "/home/user/Desktop/Paper/PDLI2023/Strider/benchmarks/cirfix_benchmarks/opencores/reed_solomon_decoder/csrc",
        "vcs_version": "O-2018.09-SP2_Full64",
        "hostname": "",
        "csrc": "csrc",
        "default_output_dir": "csrc",
        "daidir_abs": "/home/user/Desktop/Paper/PDLI2023/Strider/benchmarks/cirfix_benchmarks/opencores/reed_solomon_decoder/simv.daidir",
        "vcs_build_date": "Build Date = Feb 28 2019 22:34:30",
        "master_pid": 71573,
        "archive_dir": "archive.118",
        "VCS_HOME": "/home/user/synopsys/vcs/O-2018.09-SP2",
        "cwd": "/home/user/Desktop/Paper/PDLI2023/Strider/benchmarks/cirfix_benchmarks/opencores/reed_solomon_decoder",
        "daidir": "/home/user/Desktop/Paper/PDLI2023/Strider/benchmarks/cirfix_benchmarks/opencores/reed_solomon_decoder/simv.daidir"
    },
    "rlimit": {
        "data": -1,
        "stack": -1
    },
    "CompileStatus": "Successful"
}