{
    "Modules": {
        "GF_matrix_ascending_binary": {
            "child_modules": {},
            "start_perf": [
                0.37911891937255859,
                0.22631100000000001,
                0.047643999999999999,
                280160,
                280160,
                1697701489.4041269,
                62755065114785
            ],
            "nMops": 3991,
            "Compiled": "Yes",
            "Compiled Times": 119,
            "end_perf": [
                0.38355898857116699,
                0.23066999999999999,
                0.047724000000000003,
                280160,
                280160,
                62755082052183,
                30064771073,
                0
            ],
            "nQuads": 1344,
            "nRouts": 16
        },
        "std": {
            "start_perf": [
                0.26177000999450684,
                0.129741,
                0.026797999999999999,
                278212,
                279768,
                1697701489.286778,
                62754619879228
            ],
            "child_modules": {},
            "nMops": 472,
            "Compiled": "Yes",
            "Compiled Times": 119,
            "svclass": [
                "$vcs_nba_dyn_obj",
                0,
                37,
                2,
                2,
                0,
                "sigprop$$",
                0,
                37,
                2,
                2,
                0,
                "process",
                0,
                184,
                8,
                8,
                0,
                "event",
                0,
                36,
                2,
                2,
                0,
                "mailbox",
                0,
                107,
                9,
                9,
                0,
                "semaphore",
                0,
                71,
                5,
                5,
                0
            ],
            "end_perf": [
                0.26387715339660645,
                0.130885,
                0.027762999999999999,
                278212,
                279768,
                62754627886920,
                8589934594,
                0
            ],
            "nQuads": 218,
            "nRouts": 33
        },
        "...MASTER...": {
            "child_modules": {
                "RS_dec_tb": 1,
                "std": 1
            },
            "start_perf": [
                0.2565920352935791,
                0.129741,
                0.024326,
                278212,
                279768,
                1697701489.2816,
                62754600242274
            ],
            "end_perf": [
                0.2617030143737793,
                0.129741,
                0.02673,
                278212,
                279768,
                62754619642896,
                0,
                0
            ],
            "nQuads": 0,
            "nMops": 0,
            "nRouts": 5
        },
        "RS_dec_tb": {
            "start_perf": [
                0.26390504837036133,
                0.130908,
                0.027768000000000001,
                278212,
                279768,
                1697701489.288913,
                62754627970664
            ],
            "child_modules": {
                "GF_matrix_ascending_binary": 5,
                "GF_mult_add_syndromes": 2,
                "error_correction": 1,
                "GF_matrix_dec": 4,
                "out_stage": 1
            },
            "nMops": 35145,
            "Compiled": "Yes",
            "Compiled Times": 119,
            "significant_routs": [
                [
                    184,
                    "R_VCSgd_NxxnY_b8",
                    8877690,
                    9705,
                    720
                ],
                [
                    185,
                    "R_VCSgd_NxxnY_b9",
                    21325478,
                    17057,
                    2393
                ],
                [
                    240,
                    "R_VCSgd_NxxnY_f0",
                    13988602,
                    15592,
                    1757
                ],
                [
                    477,
                    "R_VCSgd_NxxnY_1dd",
                    4825314,
                    5351,
                    459
                ],
                [
                    486,
                    "R_VCSgd_NxxnY_1e6",
                    11365522,
                    12746,
                    1510
                ],
                [
                    492,
                    "R_VCSgd_NxxnY_1ec",
                    20964358,
                    17018,
                    2136
                ],
                [
                    496,
                    "R_VCSgd_NxxnY_1f0",
                    24610236,
                    17941,
                    2503
                ],
                [
                    498,
                    "R_VCSgd_NxxnY_1f2",
                    5984974,
                    5639,
                    654
                ],
                [
                    515,
                    "R_VCSgd_NxxnY_203",
                    7026482,
                    5754,
                    571
                ]
            ],
            "end_perf": [
                0.37478208541870117,
                0.22203400000000001,
                0.047578000000000002,
                280160,
                280160,
                62755048715887,
                12884901889,
                0
            ],
            "nQuads": 10134,
            "nRouts": 576
        },
        "GF_matrix_dec": {
            "child_modules": {},
            "start_perf": [
                0.37481904029846191,
                0.22206699999999999,
                0.047585000000000002,
                280160,
                280160,
                1697701489.399827,
                62755048799171
            ],
            "nMops": 3991,
            "Compiled": "Yes",
            "Compiled Times": 119,
            "end_perf": [
                0.37908792495727539,
                0.22628400000000001,
                0.047638,
                280160,
                280160,
                62755065043813,
                25769803777,
                0
            ],
            "nQuads": 1344,
            "nRouts": 16
        },
        "out_stage": {
            "child_modules": {},
            "start_perf": [
                0.38360404968261719,
                0.230709,
                0.047732999999999998,
                280160,
                280160,
                1697701489.408612,
                62755082131021
            ],
            "nMops": 720,
            "Compiled": "Yes",
            "Compiled Times": 119,
            "end_perf": [
                0.38854002952575684,
                0.235485,
                0.047895,
                280160,
                280160,
                62755100911643,
                51539607553,
                0
            ],
            "nQuads": 296,
            "nRouts": 37
        },
        "GF_mult_add_syndromes": {
            "child_modules": {
                "GF_matrix_dec": 1
            },
            "start_perf": [
                0.39737701416015625,
                0.24432200000000001,
                0.047900999999999999,
                280160,
                280160,
                1697701489.422385,
                62755134387553
            ],
            "nMops": 2687,
            "Compiled": "Yes",
            "Compiled Times": 119,
            "end_perf": [
                0.40102100372314453,
                0.24796699999999999,
                0.047900999999999999,
                280160,
                280160,
                62755148274693,
                64424509441,
                0
            ],
            "nQuads": 852,
            "nRouts": 67
        },
        "error_correction": {
            "child_modules": {},
            "start_perf": [
                0.38857293128967285,
                0.235513,
                0.047900999999999999,
                280160,
                280160,
                1697701489.4135809,
                62755100988453
            ],
            "nMops": 8705,
            "Compiled": "Yes",
            "Compiled Times": 119,
            "end_perf": [
                0.39734697341918945,
                0.24429100000000001,
                0.047900999999999999,
                280160,
                280160,
                62755134314839,
                55834574849,
                0
            ],
            "nQuads": 2267,
            "nRouts": 126
        }
    },
    "CompUnits": {
        "NxxnY_d": {
            "bytes": 362414,
            "mod": "RS_dec_tb",
            "out": "NxxnY_d.o",
            "text": 266648,
            "mode": 4,
            "checksum": 0,
            "archive": "archive.118/_71573_archive_1.a"
        },
        "v3Yxk_d": {
            "bytes": 15974,
            "mod": "out_stage",
            "out": "v3Yxk_d.o",
            "text": 6140,
            "mode": 4,
            "checksum": 0,
            "archive": "archive.118/_71573_archive_1.a"
        }
    },
    "reusePaths": {
        "i9eq0_d": {
            "icPath": "csrc"
        },
        "amcQw_d": {
            "icPath": "csrc"
        },
        "reYIK_d": {
            "icPath": "csrc"
        },
        "ULW4S_d": {
            "icPath": "csrc"
        },
        "rV9FF_d": {
            "icPath": "csrc"
        },
        "qbPW7_d": {
            "icPath": "csrc"
        }
    },
    "ObjArchives": [
        {
            "objects": [
                [
                    "NxxnY_d.o",
                    362414
                ],
                [
                    "v3Yxk_d.o",
                    15974
                ],
                [
                    "amcQwB.o",
                    74234
                ]
            ],
            "archive": "archive.118/_71573_archive_1.a",
            "size": 452622
        }
    ],
    "stat": {
        "ru_self_end": {
            "ru_utime_sec": 0.251357,
            "ru_stime_sec": 0.047900999999999999,
            "ru_maxrss_kb": 125360,
            "ru_minflt": 14148,
            "ru_majflt": 0,
            "ru_nivcsw": 6,
            "ru_nvcsw": 24
        },
        "ru_childs_end": {
            "ru_utime_sec": 0.017961999999999999,
            "ru_stime_sec": 0.0061060000000000003,
            "ru_maxrss_kb": 26028,
            "ru_minflt": 3598,
            "ru_majflt": 0,
            "ru_nivcsw": 0,
            "ru_nvcsw": 18
        },
        "peak_mem_kb": 281244,
        "cpu_cycles_end": 62755161032935
    }
}