{
    "...MASTER...": [
        "SIM",
        "amcQw",
        "module",
        8
    ],
    "GF_matrix_ascending_binary": [
        "GF_matrix_ascending_binary",
        "ULW4S",
        "module",
        4
    ],
    "std": [
        "std",
        "reYIK",
        "module",
        1
    ],
    "RS_dec_tb": [
        "RS_dec_tb",
        "NxxnY",
        "module",
        2
    ],
    "GF_matrix_dec": [
        "GF_matrix_dec",
        "rV9FF",
        "module",
        3
    ],
    "out_stage": [
        "out_stage",
        "v3Yxk",
        "module",
        5
    ],
    "GF_mult_add_syndromes": [
        "GF_mult_add_syndromes",
        "i9eq0",
        "module",
        7
    ],
    "error_correction": [
        "error_correction",
        "qbPW7",
        "module",
        6
    ]
}